{
  "negative": {
    "precision": 0.5703125,
    "recall": 0.6403508771929824,
    "f1-score": 0.6033057851239669,
    "support": 114.0
  },
  "positive": {
    "precision": 0.929553264604811,
    "recall": 0.9077181208053692,
    "f1-score": 0.9185059422750425,
    "support": 596.0
  },
  "accuracy": 0.8647887323943662,
  "macro avg": {
    "precision": 0.7499328823024055,
    "recall": 0.7740344989991759,
    "f1-score": 0.7609058636995047,
    "support": 710.0
  },
  "weighted avg": {
    "precision": 0.8718723531048836,
    "recall": 0.8647887323943662,
    "f1-score": 0.8678963395775458,
    "support": 710.0
  }
}